t,utility,load,water_flow
0,0,2474,484.7
1,0,2253,447.4
2,0,2148,421.1
3,0,2143,417
4,0,2064,390.3
5,0,2054,387.8
6,0,2414,474.3
7,0,2292,447.5
8,0,2241,445.9
9,0,2212,424.9
10,0,2469,476.3
11,0,2440,507.3
12,0,2232,447.6
13,0,2380,504.8
14,0,2332,588.1
15,0,3591,672.7
16,0,3973,736.6
17,0,4058,730.4
18,0,3895,716.3
19,0,4347,776.3
20,0,3866,651.2
21,0,3986,691.6
22,0,3834,663.6
23,0,4581,784.8
24,0,5224,1060
25,0,5700,998.3
26,0,5650,971.3
27,0,4830,832.6
28,0,5550,932.3
29,0,5537,922.9
30,0,6441,1067
31,0,6399,1008.2
32,0,7299,1258.6
33,0,4001,951.3
34,0,5882,1006.7
35,0,6666,1148.8
36,0,6130,1077.8
37,0,5820,1002.9
38,0,5743,1024.4
39,0,5726,1040.4
40,0,6735,1193.4
41,0,5493,1015.2
42,0,5922,942.6
43,0,7543,1174.7
44,0,8272,1280.7
45,0,6558,1013.9
46,0,5194,815.9
47,0,6934,1080.3
48,0,5330,975.6
49,0,5948,989
50,0,4917,841.8
51,0,6618,1102.8
52,0,5149,881.6
53,0,5331,927.6
54,0,5271,894.9
55,0,5154,859.1
56,0,5566,963.6
57,0,6066,1022.5
58,0,5906,982.4
59,0,6444,1111.6
60,0,6538,1073.8
61,0,5095,862.8
62,0,6387,1077
63,0,5697,951.1
64,0,4747,803.6
65,0,6037,1040.3
66,0,4962,888.1
67,0,4800,819.4
68,0,4834,809.9
69,0,5171,898.3
70,0,3629,631
71,0,4014,701
72,0,3707,631.5
73,0,2632,540.6
74,0,2656,584.7
75,0,2858,666.7
76,0,3191,772.6
77,0,2635,642.9
78,0,3139,653.8
79,0,4063,702.3
80,0,5221,896.3
81,0,4153,692
82,0,3517,578.3
83,0,3275,556.7
84,0,3157,658.6
85,0,2393,546.8
86,0,2113,441.9
87,0,2688,543.8
88,0,2329,447.1
89,0,2222,440
90,0,2371,454.9
91,0,2526,483.2
92,0,2311,452.5
93,0,2426,483.3
94,0,2278,453.5
95,0,2156,461.8
96,0,2474,470
97,0,2247,441.3
98,0,2485,496.4
99,0,2414,483.3
100,0,2358,462
101,0,2431,452
102,0,2989,615.4
103,0,2680,620.8
104,0,2691,634.3
105,0,2307,534.4
106,0,2978,733.4
107,0,2680,694.5
108,0,2460,607.6
109,0,4619,812.7
110,0,4428,769.5
111,0,3930,676.1
112,0,5572,925.5
113,0,4291,745.7
114,0,4157,716.2
115,0,4272,734.5
116,0,6081,1036.3
117,0,4937,847.1
118,0,5143,901.1
119,0,6727,1120.3
120,0,4752,943.8
121,0,5521,894.5
122,0,5818,915.2
123,0,6712,1060
124,0,5696,910.9
125,0,8173,1259.4
126,0,6155,937.1
127,0,5694,850.6
128,0,5598,847
129,0,6814,1016.5
130,0,6874,1033.6
131,0,5559,865
132,0,6653,1038.4
133,0,8226,1210.5
134,0,6227,932.5
135,0,6667,1005.3
136,0,6609,991.3
137,0,5892,891.9
138,0,6175,950.3
139,0,5842,886.9
140,0,6045,908.9
141,0,6086,920.3
142,0,6106,946.2
143,0,4352,658.2
144,0,4827,739
145,0,5429,847.8
146,0,5000,772.9
147,0,6341,982.7
148,0,5039,800.2
149,0,6374,1002.5
150,0,4017,645.2
151,0,4557,747.6
152,0,4822,788.1
153,0,3801,607.5
154,0,3946,632.1
155,0,4607,782.9
156,0,4614,770.9
157,0,3925,653.2
158,0,3304,536.5
159,0,3515,572.7
160,0,3306,537.4
161,0,3475,540.7
162,0,2610,470.9
163,0,3211,510.9
164,0,4191,694.8
165,0,3136,514.9
166,0,2597,454
167,0,2574,450.1
168,0,3068,545.2
169,0,2616,468.8
170,0,2553,447
171,0,2693,454.9
172,0,2686,458.4
173,0,3261,586.4
174,0,2506,442.9
175,0,2542,420.5
176,0,2731,441.5
177,0,2959,502.3
178,0,2976,522.2
179,0,2651,452.1
180,0,2557,414.4
181,0,2702,447.7
182,0,2641,442.2
183,0,2322,389.9
184,0,2242,374.4
185,0,2392,421.4
186,0,2302,380.6
187,0,2061,379.5
188,0,2114,381.5
189,0,2114,389.4
190,0,2458,427.5
191,0,2251,399.1
192,0,1920,359.3
193,0,1926,377
194,0,2175,400.8
195,0,2258,408.7
196,0,2215,398.7
197,0,2154,384.2
198,0,2475,437.6
199,0,2517,447.6
200,0,2844,532.3
201,0,2286,487.5
202,0,2270,469.3
203,0,2149,432.8
204,0,2291,461.2
205,0,2352,481.6
206,0,2428,537.6
207,0,2219,480.3
208,0,2630,596.7
209,0,2385,629
210,0,2532,755.4
211,0,5302,934.4
212,0,4413,783.4
213,0,4575,818.6
214,0,4275,755.1
215,0,4219,748
216,0,4506,815.8
217,0,3865,706
218,0,3499,627.4
219,0,3666,685.2
220,0,4170,750.9
221,0,4212,749.1
222,0,3790,714.6
223,0,4110,698.4
224,0,4259,729.2
225,0,4743,830.9
226,0,5439,962.1
227,0,4948,863.3
228,0,4424,751.9
229,0,4660,794.1
230,0,4163,722.7
231,0,3969,716.7
232,0,4705,803.7
233,0,4701,795.4
234,0,4653,759.9
235,0,3803,639.2
236,0,4397,779.6
237,0,4894,860.5
238,0,4435,730.4
239,0,5027,849.2
240,0,4873,856.6
241,0,4659,786.3
242,0,4312,729.4
243,0,5855,1004.7
244,0,5495,922.2
245,0,4011,671.4
246,0,4789,795.4
247,0,4504,749.9
248,0,4349,708.9
249,0,3667,612
250,0,4741,790.8
251,0,3673,623.4
252,0,4528,783
253,0,4245,698.3
254,0,3626,604.3
255,0,2450,510.4
256,0,2133,448.5
257,0,2469,588.8
258,0,3599,872.2
259,0,5056,845
260,0,3762,637.4
261,0,4176,712.1
262,0,3510,595
263,0,2435,477.6
264,0,2684,536.4
265,0,2298,439.8
266,0,2257,456.2
267,0,2175,439.3
268,0,2280,450.5
269,0,2546,459.8
270,0,2245,427.7
271,0,2489,476.8
272,0,2287,419
273,0,2472,445.7
274,0,2171,385
275,0,2286,426.8
276,0,1959,357
277,0,1721,332.7
278,0,1948,351.2
279,0,2093,400.5
280,0,2322,430.4
281,0,2175,417.8
282,0,2084,378.1
283,0,2110,398.8
284,0,2028,375.4
285,0,2250,419.9
286,0,2048,377.1
287,0,2048,378.1
288,0,2075,391.3
289,0,1938,376.7
290,0,1920,356.5
291,0,2058,396.1
292,0,2034,381.5
293,0,2308,441.9
294,0,2454,482.5
295,0,2390,453.6
296,0,2374,448.2
297,0,2305,437.2
298,0,3370,654.5
299,0,2677,578.5
300,0,2350,510.7
301,0,2494,529.5
302,0,2452,532.9
303,0,2664,643.1
304,0,2126,513.3
305,0,2876,764
306,0,2453,669.6
307,0,5174,942.4
308,0,3870,716.4
309,0,4203,749.8
310,0,4127,760.3
311,0,2648,502.9
312,0,2426,770.8
313,0,3971,811.3
314,0,4722,889
315,0,5677,996.3
316,0,5169,951.8
317,0,4543,790.4
318,0,4219,727.7
319,0,4869,836.1
320,0,5255,915.7
321,0,7270,1173
322,0,4848,791.9
323,0,5547,915.7
324,0,5618,943.5
325,0,4338,709.6
326,0,4851,807.2
327,0,5497,929.9
328,0,3347,565.3
329,0,5413,897.8
330,0,4950,828.1
331,0,5022,843.7
332,0,5068,813.7
333,0,6266,1042.1
334,0,5589,942
335,0,6048,1030.3
336,0,6218,1032.3
337,0,6986,1144
338,0,5599,933.9
339,0,7020,1153.7
340,0,4714,775.1
341,0,4665,769.8
342,0,5559,883.7
343,0,5660,872.5
344,0,5495,852.5
345,0,6176,976.3
346,0,4868,752.7
347,0,4589,719.2
348,0,6441,1000.4
349,0,4133,644.3
350,0,4574,722.6
351,0,4194,687.5
352,0,4016,659.9
353,0,4237,685.7
354,0,4320,692.7
355,0,4089,644.3
356,0,4415,704.9
357,0,3506,579.7
358,0,2603,482.7
359,0,3688,664.1
360,0,2681,484.5
361,0,2518,449
362,0,2589,461.3
363,0,2995,534.9
364,0,2711,449.3
365,0,3078,520.5
366,0,2540,411.1
367,0,2614,429.9
368,0,2571,424
369,0,2540,428.3
370,0,2122,388.2
371,0,1943,355.5
372,0,2197,400.2
373,0,1955,398.5
374,0,2150,394
375,0,1989,370.9
376,0,2228,424.5
377,0,2689,509.4
378,0,2240,422.1
379,0,2447,452.1
380,0,2323,418.8
381,0,2184,400.5
382,0,2139,395.2
383,0,2058,388.5
384,0,1905,358.4
385,0,1910,376
386,0,1912,369.9
387,0,2085,389.4
388,0,2469,449.3
389,0,2722,537.5
390,0,2100,423.6
391,0,2294,440.7
392,0,2514,476.1
393,0,2273,447.5
394,0,3352,638.8
395,0,2382,541.2
396,0,2412,589.5
397,0,2019,497.1
398,0,2618,660.5
399,0,3029,770.5
400,0,5594,991.5
401,0,6112,1084
402,0,4605,800.8
403,0,3331,602
404,0,3675,657
405,0,4728,852.7
406,0,4139,694.8
407,0,3761,631.4
408,0,4174,875.9
409,0,3854,692.9
410,0,5173,928.8
411,0,5835,947.2
412,0,6275,1045.9
413,0,4116,703.5
414,0,5909,1043
415,0,4994,882.2
416,0,6013,1006.6
417,0,4991,864.8
418,0,6584,1210
419,0,6833,1184.6
420,0,6110,1085.9
421,0,5818,1092.7
422,0,5473,985.4
423,0,5179,951.3
424,0,5633,1048.8
425,0,6405,1119.9
426,0,5843,1058.2
427,0,5982,1057.5
428,0,6167,1073.3
429,0,4606,802
430,0,5841,1037.9
431,0,5601,944.9
432,0,5692,957.1
433,0,5692,987.9
434,0,6038,1005.4
435,0,4929,793.3
436,0,5455,910.6
437,0,5305,898.4
438,0,5940,986.6
439,0,5273,866.8
440,0,5234,888.1
441,0,5462,924.2
442,0,4606,783.3
443,0,5491,935.4
444,0,5310,905.2
445,0,5030,863.8
446,0,4845,838.7
447,0,3666,637.1
448,0,3679,632.6
449,0,4370,770.1
450,0,6051,1066
451,0,4187,715.8
452,0,4048,692.1
453,0,2829,592.9
454,0,2843,620
455,0,2448,527.7
456,0,2533,553.3
457,0,2435,553.5
458,0,2274,493.8
459,0,3102,668.3
460,0,3085,699.4
461,0,2428,564.6
462,0,3479,852.5
463,0,2727,676.1
464,0,3064,528.5
465,0,3522,607.9
466,0,2681,506.6
467,0,2629,563.3
468,0,2475,504
469,0,2575,527
470,0,2219,453.4
471,0,2317,466.9
472,0,2113,403.5
473,0,2320,441.7
474,0,2006,383.1
475,0,1973,367.8
476,0,2057,386.1
477,0,2250,418.9
478,0,2250,412.7
479,0,2030,382.1
480,0,1959,376.9
481,0,1959,354.2
482,0,2187,414.8
483,0,2269,423.3
484,0,2338,448.5
485,0,2069,380.7
486,0,2035,380
487,0,2010,382.5
488,0,2521,465.9
489,0,2634,497.8
490,0,2168,419.6
491,0,2212,431.6
492,0,1989,386.6
493,0,2196,407.5
494,0,2190,414.3
495,0,2403,458.6
496,0,2751,523
497,0,2213,503
498,0,2397,543.2
499,0,2283,480.7
500,0,2302,463.5
501,0,2506,491
502,0,2554,508.8
503,0,2484,553.3
504,0,2313,536.7
505,0,2402,586.4
506,0,2225,537.6
507,0,2359,570.6
508,0,2162,558.1
509,0,4253,724.4
510,0,3983,712.8
511,0,3543,636.5
512,0,3525,636.3
513,0,3011,529
514,0,3107,548.8
515,0,2464,549.6
516,0,2258,541.7
517,0,2892,728
518,0,3751,677.1
519,0,4256,744.1
520,0,3622,674.6
521,0,3958,732.7
522,0,3751,666.1
523,0,3549,609.6
524,0,3740,654.8
525,0,3066,537.4
526,0,3677,654.4
527,0,3125,544.9
528,0,3006,540.5
529,0,3214,559.8
530,0,3769,653.7
531,0,3313,558.2
532,0,3425,574
533,0,3346,564.7
534,0,3967,651.6
535,0,3207,535.4
536,0,3387,569.3
537,0,3247,549
538,0,2464,520.5
539,0,2778,585.9
540,0,2607,599.6
541,0,2685,569.6
542,0,2600,639.2
543,0,3655,650
544,0,3227,569.5
545,0,3170,560.6
546,0,3288,550.2
547,0,2617,494.7
548,0,2565,468.2
549,0,2359,437.8
550,0,2325,433.2
551,0,2391,461.7
552,0,2278,430.3
553,0,2260,410.3
554,0,2119,378
555,0,2362,430.5
556,0,2466,448.3
557,0,2259,401.3
558,0,2143,376.6
559,0,2157,383.2
560,0,2129,382.1
561,0,1981,355.4
562,0,1905,362.7
563,0,2094,376.6
564,0,2020,372.7
565,0,1973,352.4
566,0,2268,404.3
567,0,1905,331.3
568,0,2057,379.5
569,0,2223,411
570,0,2142,389.1
571,0,1853,342.8
572,0,1815,332.6
573,0,1923,355.8
574,0,2080,374.3
575,0,2178,399.5
576,0,2019,372.5
577,0,1882,358.7
578,0,1809,335.1
579,0,2077,388.2
580,0,1996,377
581,0,2047,384.6
582,0,1987,371.9
583,0,1914,361.2
584,0,2216,409.4
585,0,2283,419.4
586,0,2013,372.2
587,0,1938,358
588,0,1962,356.9
589,0,2335,422.9
590,0,2346,433
591,0,2256,419.4
592,0,2427,437.6
593,0,2087,383.9
594,0,2033,378.2
595,0,2339,446.2
596,0,2622,460.5
597,0,2249,424.5
598,0,2405,459.1
599,0,2847,533.8
600,0,2547,515.4
601,0,2324,464.4
602,0,2309,450.8
603,0,2654,505.3
604,0,2299,491.3
605,0,2454,522.3
606,0,2291,580.1
607,0,3425,575.1
608,0,4103,724.5
609,0,3369,601.1
610,0,3470,623.3
611,0,3285,569.2
612,0,3549,625
613,0,4194,730.1
614,0,3737,665.9
615,0,3097,572.8
616,0,3112,571.3
617,0,3042,559.7
618,0,3044,558.9
619,0,3134,557.1
620,0,4351,727.1
621,0,4535,797.4
622,0,4024,701.7
623,0,3303,595.8
624,0,3620,649
625,0,3600,626.2
626,0,3361,570.4
627,0,3556,618
628,0,4089,686.6
629,0,3681,621.8
630,0,3110,538.6
631,0,3431,585
632,0,3668,612.2
633,0,3601,634.1
634,0,3643,622.1
635,0,4246,750
636,0,3709,660.8
637,0,3089,530.8
638,0,2270,476.7
639,0,2740,546.6
640,0,2379,523.6
641,0,2455,543
642,0,2325,549.6
643,0,3381,680.7
644,0,5451,917
645,0,3719,671.9
646,0,4299,815.9
647,0,2531,447.7
648,0,2597,456
649,0,2601,501.4
650,0,2440,444
651,0,2089,395
652,0,2450,456.4
0,1,1484,275.1
1,1,1505,276.5
2,1,1542,276.8
3,1,1514,276.8
4,1,1508,276.8
5,1,1538,278.9
6,1,1565,277.9
7,1,1535,282.9
8,1,1505,280.2
9,1,1514,280.9
10,1,1522,280.6
11,1,1534,281.8
12,1,1487,280
13,1,1512,281.8
14,1,1496,281.2
15,1,1509,281.3
16,1,1461,280.4
17,1,1475,283.5
18,1,1465,281.8
19,1,1498,280.6
20,1,1456,277.9
21,1,1450,276.6
22,1,1492,279.3
23,1,1485,276.7
24,1,1472,277.1
25,1,1464,278.1
26,1,1455,277.3
27,1,1444,278.3
28,1,1493,277.2
29,1,1475,279.8
30,1,1484,279.3
31,1,1515,281.3
32,1,1489,278
33,1,1481,277.3
34,1,1465,274.2
35,1,1475,274.2
36,1,1492,274.1
37,1,1493,274.3
38,1,1448,274
39,1,1472,272.9
40,1,1492,271.9
41,1,1481,271.2
42,1,1497,271.6
43,1,1495,273.2
44,1,1482,274.1
45,1,1483,271.8
46,1,1487,276.4
47,1,1457,272.5
48,1,1478,274.5
49,1,1475,271.9
50,1,1513,273.1
51,1,1539,274.2
52,1,1514,274.3
53,1,1516,274.5
54,1,1513,274.8
55,1,1524,272.5
56,1,1504,273.6
57,1,1495,276.2
58,1,1510,274.1
59,1,1507,271.8
60,1,1529,275.7
61,1,1495,273.7
62,1,1489,271
63,1,1514,273.1
64,1,1521,276.7
65,1,1474,272
66,1,1454,272
67,1,1485,274.1
68,1,1475,269.9
69,1,1480,274.1
70,1,1463,272.6
71,1,1502,271.8
72,1,1526,271.8
73,1,1516,274
74,1,1504,274
75,1,1495,271
76,1,1513,277.4
77,1,1517,278.3
78,1,1492,280.2
79,1,1487,279.4
80,1,1503,281.7
81,1,1539,286
82,1,1525,287.1
83,1,1537,285.5
84,1,1537,285.3
85,1,1508,283.9
86,1,1490,285.8
87,1,1478,284.7
88,1,1499,284.5
89,1,1500,280.8
90,1,1491,279.4
91,1,1473,279.4
92,1,1475,279.5
93,1,1481,281.9
94,1,1474,279.6
95,1,1460,280.2
96,1,1463,280.1
97,1,1489,279
98,1,1488,280.8
99,1,1504,279.3
100,1,1485,279.6
101,1,1484,280.9
102,1,1436,272.2
103,1,1460,273.5
104,1,1460,274
105,1,1426,270.7
106,1,1457,272
107,1,1482,273.2
108,1,1475,264.9
109,1,1475,267.6
110,1,1465,267.1
111,1,1458,265.1
112,1,1450,264.3
113,1,1469,265.3
114,1,1433,260.1
115,1,1451,261.9
116,1,1466,256.4
117,1,1480,256.6
118,1,1446,254.7
119,1,1451,253.8
120,1,1446,252.6
121,1,1435,251.3
122,1,1426,251.2
123,1,1462,251.3
124,1,1436,248.3
125,1,838,132.3
126,1,870,131.1
127,1,848,130.2
128,1,853,131.7
129,1,832,129
130,1,818,128.1
131,1,753,116.2
132,1,766,117
133,1,771,117.5
134,1,756,118.2
135,1,733,117.6
136,1,719,116.1
137,1,724,116.7
138,1,693,111
139,1,701,112.2
140,1,686,113.1
141,1,680,114.3
142,1,652,111.6
143,1,638,111.2
144,1,637,110.3
145,1,640,110.7
146,1,645,110.1
147,1,648,108.6
148,1,665,109.8
149,1,650,107.5
150,1,658,108.1
151,1,721,118.6
152,1,679,115.7
153,1,681,116.5
154,1,699,116.9
155,1,783,131.4
156,1,747,131.8
157,1,750,130.1
158,1,776,131.4
159,1,781,130.9
160,1,799,132.1
161,1,835,134.1
162,1,836,132
163,1,840,132
164,1,873,135.3
165,1,861,131.7
166,1,862,131.2
167,1,900,137
168,1,877,133.3
169,1,843,129.8
170,1,848,131.3
171,1,834,130.5
172,1,871,132
173,1,864,129.7
174,1,872,132.1
175,1,855,129.8
176,1,854,130.4
177,1,847,130
178,1,887,135.4
179,1,864,133
180,1,865,133.5
181,1,853,134.2
182,1,837,133.3
183,1,837,135.4
184,1,834,136.6
185,1,784,126
186,1,763,120.1
187,1,794,123.7
188,1,723,112.4
189,1,741,113.6
190,1,730,113.9
191,1,718,113.1
192,1,737,116.3
193,1,733,115.8
194,1,725,115.1
195,1,712,115.3
196,1,689,114.6
197,1,689,115.5
198,1,682,115.1
199,1,686,115.8
200,1,695,116.9
201,1,704,117.4
202,1,695,117.1
203,1,702,118.8
204,1,689,115.3
205,1,719,115.5
206,1,700,114.6
207,1,709,117
208,1,695,115.2
209,1,699,114.9
210,1,694,114.5
211,1,697,114.5
212,1,728,118.4
213,1,749,124.2
214,1,836,140.4
215,1,812,143.5
216,1,793,141.8
217,1,781,140.9
218,1,811,142.2
219,1,808,143.4
220,1,808,142
221,1,831,141.7
222,1,857,142.2
223,1,900,145.9
224,1,917,147.5
225,1,907,145.1
226,1,916,144.9
227,1,944,148.2
228,1,924,144.9
229,1,931,147.1
230,1,924,146.5
231,1,933,147.8
232,1,963,145.2
233,1,966,145.9
234,1,948,143.7
235,1,949,145.2
236,1,941,146.5
237,1,930,145.9
238,1,933,145
239,1,932,143.8
240,1,926,143.8
241,1,917,144
242,1,902,143.2
243,1,901,145.6
244,1,896,142.9
245,1,906,143.7
246,1,936,150.5
247,1,930,148.6
248,1,929,147.7
249,1,903,146.9
250,1,920,147.7
251,1,905,147.9
252,1,889,145.5
253,1,891,144
254,1,874,142.5
255,1,822,129.7
256,1,851,129.6
257,1,844,130.8
258,1,828,130.1
259,1,771,120.6
260,1,788,121.1
261,1,772,119.6
262,1,754,116.1
263,1,754,116.1
264,1,752,116.8
265,1,732,117.6
266,1,715,117.8
267,1,708,117.3
268,1,739,122.6
269,1,739,122.6
270,1,710,119.4
271,1,717,121.8
272,1,717,121.8
273,1,719,123.6
274,1,689,122.4
275,1,668,121.5
276,1,704,127.7
277,1,684,126.1
278,1,706,129.6
279,1,706,129.6
280,1,718,133.4
281,1,822,149.6
282,1,794,149.8
283,1,832,150.9
284,1,853,151.5
285,1,854,150.7
286,1,876,151.9
287,1,910,153.8
288,1,900,152.4
289,1,921,150
290,1,950,150.2
291,1,969,153.5
292,1,955,153.7
293,1,970,157.1
294,1,953,153.2
295,1,929,153.6
296,1,955,157.9
297,1,959,156.7
298,1,1003,159.9
299,1,980,156.8
300,1,952,157.2
301,1,981,158.9
302,1,982,159.2
303,1,978,161.1
304,1,969,160.9
305,1,970,160.9
306,1,955,160
307,1,948,160.5
308,1,955,159.6
309,1,998,161.6
310,1,999,159.4
311,1,991,155.8
312,1,1004,158.4
313,1,989,157.8
314,1,965,155
315,1,938,154.4
316,1,939,154.6
317,1,956,154.8
318,1,931,152.9
319,1,971,157.1
320,1,979,155.3
321,1,946,152.5
322,1,926,150.1
323,1,940,150.3
324,1,955,149.5
325,1,948,149.9
326,1,941,150.9
327,1,910,147.5
328,1,877,146.4
329,1,886,150.8
330,1,867,146.4
331,1,887,145.5
332,1,904,144.9
333,1,924,148.3
334,1,908,147.8
335,1,876,145.6
336,1,901,149.2
337,1,909,146.6
338,1,901,146.4
339,1,907,145.6
340,1,911,144.4
341,1,915,145.5
342,1,904,144.2
343,1,865,135.3
344,1,799,124.4
345,1,797,123
346,1,788,122.3
347,1,781,122.5
348,1,753,120
349,1,778,121.8
350,1,766,121.6
351,1,759,122.8
352,1,739,122.7
353,1,736,121.8
354,1,727,120.5
355,1,736,121.5
356,1,783,127.4
357,1,769,125.4
358,1,756,125.1
359,1,775,128.8
360,1,791,131.3
361,1,870,146.1
362,1,865,152.9
363,1,865,154.7
364,1,905,156.7
365,1,933,157.9
366,1,928,155.1
367,1,955,157.9
368,1,994,161.1
369,1,1033,161.3
370,1,1041,160.8
371,1,1045,161.8
372,1,1049,162
373,1,1096,165.4
374,1,1099,169.6
375,1,1101,168.6
376,1,1145,169.5
377,1,1152,171.9
378,1,1160,172.7
379,1,1151,173.3
380,1,1164,175
381,1,1208,178.6
382,1,1210,184.2
383,1,1250,185.2
384,1,1228,184.9
385,1,1261,188.9
386,1,1217,182.6
387,1,1244,186.8
388,1,1214,185
389,1,1229,188.1
390,1,1204,185.7
391,1,1197,183.8
392,1,1200,183.6
393,1,1221,185.1
394,1,1227,187.4
395,1,1238,189.1
396,1,1183,186.7
397,1,1204,187.2
398,1,1185,189.1
399,1,1207,191.4
400,1,1215,192.2
401,1,1220,192.2
402,1,1226,192.1
403,1,1222,192.3
404,1,1195,186.6
405,1,1177,187.1
406,1,1225,188.2
407,1,1215,187.8
408,1,1266,192.1
409,1,1240,191.9
410,1,1222,189.7
411,1,1241,193.5
412,1,1242,190.6
413,1,1240,189.5
414,1,1207,187.3
415,1,1188,186.8
416,1,1185,188.1
417,1,1145,186.5
418,1,1170,187.2
419,1,1214,189.1
420,1,1206,188.4
421,1,1201,189.4
422,1,1204,190.5
423,1,1195,191.1
424,1,1189,189.1
425,1,1218,190.2
426,1,1182,187.6
427,1,1196,188.4
428,1,1170,188.5
429,1,1168,188.9
430,1,1186,188.8
431,1,1173,187.6
432,1,1157,185.1
433,1,1136,187.9
434,1,1144,186.4
435,1,1153,188.4
436,1,1188,189.7
437,1,1165,188
438,1,1107,182.3
439,1,1107,183.2
440,1,1158,188.1
441,1,1126,187.1
442,1,1117,186.3
443,1,1116,189.8
444,1,1112,188.2
445,1,1119,187.8
446,1,1097,185.1
447,1,1089,185.6
448,1,1099,185.2
449,1,1115,185.4
450,1,1125,186.5
451,1,1135,185.7
452,1,1110,185.1
453,1,1094,186
454,1,1098,185
455,1,1115,185.2
456,1,1110,184
457,1,1148,189.4
458,1,1166,191.2
459,1,1175,190.2
460,1,1170,190.3
461,1,1115,185.7
462,1,1114,185.3
463,1,1117,184.6
464,1,1133,185
465,1,1145,186.7
466,1,1160,190.8
467,1,1154,191.7
468,1,1154,191.5
469,1,1164,191.1
470,1,1184,193.4
471,1,1193,192.9
472,1,1196,192.5
473,1,1213,192.6
474,1,1206,193
475,1,1192,193.2
476,1,1190,194.1
477,1,1209,194.5
478,1,1212,195.5
479,1,1206,194.5
480,1,1184,193.1
481,1,1205,194.8
482,1,1221,196.3
483,1,1192,196.7
484,1,1172,196.3
485,1,1215,196.8
486,1,1174,192
487,1,1201,193.2
488,1,1205,196
489,1,1130,192.9
490,1,1188,196.2
491,1,1163,194.3
492,1,1222,197.9
493,1,1232,196.2
494,1,1202,193.7
495,1,1222,195.5
496,1,1202,195
497,1,1221,197.1
498,1,1203,196
499,1,1187,196.3
500,1,1220,194.3
501,1,1248,197.8
502,1,1239,196.2
503,1,1236,197.8
504,1,1202,196
505,1,1246,196.6
506,1,1230,196.2
507,1,1242,197.1
508,1,1245,197.2
509,1,1260,197.4
510,1,1283,197.4
511,1,1253,197.4
512,1,1258,197.4
513,1,1256,197.6
514,1,1248,197.5
515,1,1252,199.9
516,1,1222,197.3
517,1,1269,197.4
518,1,1259,197.5
519,1,1329,204.3
520,1,1323,206.1
521,1,1323,204.4
522,1,1365,211
523,1,1347,212.8
524,1,1374,220.1
525,1,1331,218.2
526,1,1342,219.9
527,1,1389,222.4
528,1,1406,222.1
529,1,1416,219.7
530,1,1435,217.4
531,1,1411,219.4
532,1,1408,220.6
533,1,1423,223.2
534,1,1404,221.4
535,1,1391,222.1
536,1,1406,222.9
537,1,1427,224.5
538,1,1436,223.6
539,1,1428,223.6
540,1,1460,225.7
541,1,1466,227.6
542,1,1436,222.8
543,1,1436,223.3
544,1,1410,221.8
545,1,1427,223.6
546,1,1432,223.4
547,1,1437,223.2
548,1,1443,223.7
549,1,1447,224.2
550,1,1446,225.2
551,1,1480,232.7
552,1,1459,230.7
553,1,1468,231.1
554,1,1464,230.9
555,1,1439,228.6
556,1,1441,228.7
557,1,1458,228.5
558,1,1462,228.8
559,1,1474,228.4
560,1,1483,229.1
561,1,1488,229.7
562,1,1436,228
563,1,1435,228.2
564,1,1455,231.8
565,1,1453,232.5
566,1,1463,233.5
567,1,1460,235.1
568,1,1446,238.7
569,1,1429,239.4
570,1,1424,239.9
571,1,1441,238.6
572,1,1462,240.8
573,1,1460,238.6
574,1,1481,238.2
575,1,1501,240.8
576,1,1509,240.7
577,1,1471,236
578,1,1481,235.7
579,1,1500,240.8
580,1,1460,240.4
581,1,1454,240.6
582,1,1457,238.3
583,1,1458,238.5
584,1,1460,238.6
585,1,1451,233.7
586,1,1472,235.8
587,1,1476,234.4
588,1,1479,235.8
589,1,1457,233.5
590,1,1459,235.8
591,1,1462,236.7
592,1,1476,240.6
593,1,1463,239.4
594,1,1477,240.6
595,1,1475,241.5
596,1,1478,241.2
597,1,1482,241.6
598,1,1481,242.6
599,1,1511,243.8
600,1,1505,241.3
601,1,1509,241
602,1,1496,242.2
603,1,1475,243.3
604,1,1462,241.8
605,1,1484,243.4
606,1,1487,242.9
607,1,1502,244.2
608,1,1521,248.9
609,1,1521,248.8
610,1,1525,249.1
611,1,1537,250.5
612,1,1534,249.4
613,1,1528,250.9
614,1,1521,251.3
615,1,1588,260.8
616,1,1563,256.9
617,1,1559,256.6
618,1,1589,260.5
619,1,1603,260.7
620,1,1617,261.8
621,1,1611,259.7
622,1,1576,256.3
623,1,1552,257
624,1,1521,254
625,1,1534,258.7
626,1,1508,255.6
627,1,1533,260.4
628,1,1534,259.8
629,1,1513,262.2
630,1,1534,266.7
631,1,1506,263.2
632,1,1523,265.1
633,1,1515,266.6
634,1,1508,266.3
635,1,1491,267
636,1,1505,267.1
637,1,1520,269.2
638,1,1511,271.4
639,1,1508,270.6
640,1,1525,275.1
641,1,1538,276.8
642,1,1503,278.6
643,1,1474,279.4
644,1,1475,282.1
645,1,1498,282.3
646,1,1472,290.6
647,1,1495,292.8
648,1,1510,294.2
649,1,1493,294.8
650,1,1449,295.5
651,1,1485,298.8
652,1,1483,299
0,2,329,173.3
1,2,323,178.8
2,2,305,178.7
3,2,301,179.6
4,2,276,176.6
5,2,295,175.9
6,2,304,179.5
7,2,301,183.4
8,2,288,181.2
9,2,295,178.6
10,2,293,180.5
11,2,291,185.5
12,2,314,195
13,2,42,190
14,2,766,196.8
15,2,916,210.9
16,2,1043,220.6
17,2,1008,211.2
18,2,1011,203.2
19,2,527,185
20,2,691,157.1
21,2,351,129.6
22,2,312,122.4
23,2,331,122.5
24,2,338,132.7
25,2,309,184.3
26,2,324,191.8
27,2,185,200.3
28,2,181,206.7
29,2,1132,216.7
30,2,1203,233
31,2,1226,238.4
32,2,1389,229.6
33,2,1103,196.8
34,2,912,161.5
35,2,318,148.5
36,2,386,147.1
37,2,322,150.5
38,2,307,156.7
39,2,396,168.9
40,2,393,171.9
41,2,1020,183.4
42,2,1184,207.7
43,2,1336,224.4
44,2,1348,220.4
45,2,1361,215.4
46,2,217,192.9
47,2,1050,178.5
48,2,1017,163.8
49,2,224,165.3
50,2,969,175.1
51,2,948,177.9
52,2,1364,208.1
53,2,1189,188.3
54,2,1338,191
55,2,1258,168.7
56,2,1165,151.4
57,2,1060,136.9
58,2,1013,130.9
59,2,412,131.6
60,2,411,134.4
61,2,351,131.4
62,2,352,129.4
63,2,360,129.1
64,2,360,131.9
65,2,366,142.2
66,2,495,155.9
67,2,366,158.1
68,2,387,163
69,2,143,172
70,2,888,177.8
71,2,706,171.3
72,2,886,189.3
73,2,1124,211.1
74,2,1104,212.3
75,2,256,182.3
76,2,704,179.2
77,2,410,151.8
78,2,265,131.8
79,2,249,103.9
80,2,289,112.5
81,2,319,113.1
82,2,330,105.7
83,2,315,97.8
84,2,290,98
85,2,338,107.3
86,2,316,113.3
87,2,308,117.9
88,2,334,118
89,2,352,116
90,2,380,116.2
91,2,331,116.6
92,2,355,121.5
93,2,313,132.1
94,2,320,130.3
95,2,411,123.9
96,2,31,118.9
97,2,-14,126.1
98,2,8,129.2
99,2,36,129.2
100,2,19,125.6
101,2,-5,125.4
102,2,6,142.8
103,2,-17,169.3
104,2,-5,209
105,2,-17,227
106,2,98,230.6
107,2,42,237.2
108,2,1268,245.8
109,2,1342,260.1
110,2,1228,268.7
111,2,15,260.5
112,2,981,231.6
113,2,903,202.4
114,2,1027,180.4
115,2,236,164.5
116,2,326,153.1
117,2,288,179
118,2,306,158.3
119,2,338,146.7
120,2,371,159.2
121,2,371,180.5
122,2,149,204.3
123,2,1338,229.5
124,2,1402,243
125,2,1516,245.6
126,2,1402,234
127,2,1062,206.4
128,2,1044,200.1
129,2,1142,180.9
130,2,1151,179.2
131,2,1135,203.5
132,2,1126,211.6
133,2,217,216.9
134,2,1314,217
135,2,1354,209.6
136,2,1579,202.2
137,2,1392,214.7
138,2,1162,210.7
139,2,1380,196.7
140,2,1090,177
141,2,922,164.3
142,2,91,169.4
143,2,932,167.6
144,2,746,151.7
145,2,329,142.7
146,2,387,151.7
147,2,417,165.5
148,2,322,156.8
149,2,405,152.3
150,2,422,183.7
151,2,347,187
152,2,233,209.9
153,2,1306,230.4
154,2,1324,235.5
155,2,1406,233.2
156,2,1282,218.7
157,2,1085,188.7
158,2,436,155.3
159,2,261,139.9
160,2,341,135
161,2,308,131.7
162,2,371,134.7
163,2,350,132.6
164,2,253,133.7
165,2,330,138.4
166,2,333,135.3
167,2,328,126.1
168,2,332,121.5
169,2,322,122.3
170,2,343,126.1
171,2,321,137.8
172,2,315,155.5
173,2,-23,144.9
174,2,378,122.2
175,2,277,112.6
176,2,280,112.2
177,2,285,118.2
178,2,290,127
179,2,288,127
180,2,326,112.3
181,2,313,106.2
182,2,320,106.6
183,2,293,118
184,2,350,135.5
185,2,314,138.7
186,2,285,133.9
187,2,335,123.7
188,2,320,114.8
189,2,57,113.6
190,2,455,112.8
191,2,346,117
192,2,323,113.4
193,2,340,112.1
194,2,357,118.1
195,2,282,125.1
196,2,322,134.7
197,2,338,136
198,2,365,140.5
199,2,284,143.2
200,2,684,141.8
201,2,412,138.2
202,2,321,136.3
203,2,321,133.7
204,2,224,143.6
205,2,290,153
206,2,289,152.9
207,2,205,170.8
208,2,46,172.8
209,2,25,172.9
210,2,-41,174.5
211,2,28,176.1
212,2,433,188
213,2,775,214.4
214,2,862,234
215,2,862,249.9
216,2,899,268.3
217,2,748,263.9
218,2,771,253
219,2,747,239.3
220,2,598,218.7
221,2,309,205.8
222,2,279,201.9
223,2,567,204.6
224,2,284,203.4
225,2,177,214
226,2,702,222.2
227,2,765,220.8
228,2,787,225.4
229,2,889,226.3
230,2,845,216.6
231,2,672,207.2
232,2,166,201.2
233,2,729,207.9
234,2,358,202.5
235,2,132,217.1
236,2,669,221.4
237,2,308,218.6
238,2,111,224.2
239,2,720,226.4
240,2,796,220.8
241,2,704,220.8
242,2,160,224
243,2,746,221.9
244,2,342,206.8
245,2,182,209.3
246,2,681,218.3
247,2,337,211.6
248,2,117,216.6
249,2,367,218.3
250,2,644,217.1
251,2,412,214.4
252,2,259,213.7
253,2,699,216.9
254,2,196,207.6
255,2,668,209.9
256,2,202,207.8
257,2,603,206.4
258,2,248,200.9
259,2,335,186.5
260,2,300,182.8
261,2,66,168.2
262,2,272,157.2
263,2,93,144.8
264,2,336,129.8
265,2,162,119.8
266,2,447,120.8
267,2,231,114.7
268,2,105,115.3
269,2,314,120.7
270,2,128,122.7
271,2,432,131.9
272,2,240,141.2
273,2,172,148.3
274,2,99,143.1
275,2,486,132.5
276,2,238,120.5
277,2,212,117.4
278,2,371,114.6
279,2,274,120.2
280,2,162,123.8
281,2,383,117
282,2,222,110.7
283,2,127,117.2
284,2,363,133.1
285,2,132,145.7
286,2,346,144.5
287,2,204,137.2
288,2,445,129.3
289,2,262,117.9
290,2,84,111.5
291,2,284,111.8
292,2,158,110.8
293,2,313,112
294,2,225,114.5
295,2,145,129.8
296,2,424,161.5
297,2,287,172.8
298,2,120,165.1
299,2,387,168.2
300,2,151,157.1
301,2,542,142.8
302,2,181,133.5
303,2,361,135.7
304,2,138,141.8
305,2,443,151
306,2,206,169.4
307,2,549,192.7
308,2,315,183.8
309,2,323,179.3
310,2,303,181.8
311,2,610,193.5
312,2,411,202.9
313,2,457,219.1
314,2,309,220.9
315,2,699,218.6
316,2,449,222.7
317,2,186,222.6
318,2,505,224.8
319,2,76,218.1
320,2,795,216.4
321,2,452,216.6
322,2,585,224.3
323,2,748,222.2
324,2,293,214.5
325,2,685,219.5
326,2,465,216.9
327,2,674,221
328,2,708,224.2
329,2,225,222.6
330,2,767,228.8
331,2,759,218.3
332,2,1146,219.2
333,2,1106,219.2
334,2,1173,212.4
335,2,1052,202.9
336,2,979,190.9
337,2,914,167.8
338,2,793,154
339,2,717,146.3
340,2,711,145.5
341,2,697,139.9
342,2,309,132.1
343,2,371,133.2
344,2,341,133.5
345,2,316,137.3
346,2,375,138.1
347,2,356,146.7
348,2,398,147.1
349,2,345,153.2
350,2,348,157.7
351,2,672,173.4
352,2,809,175.5
353,2,849,189
354,2,954,202.8
355,2,938,194.7
356,2,778,166.2
357,2,322,138.9
358,2,286,119.1
359,2,334,111.8
360,2,293,108.6
361,2,316,94.7
362,2,267,81
363,2,295,80.8
364,2,286,83.2
365,2,299,89.2
366,2,305,92.6
367,2,309,91.9
368,2,318,94.7
369,2,305,97.3
370,2,328,97.4
371,2,342,87.6
372,2,347,84.6
373,2,313,80.4
374,2,331,79.9
375,2,340,81
376,2,321,78
377,2,336,78.3
378,2,309,85.2
379,2,245,91.4
380,2,246,96.1
381,2,238,99.8
382,2,252,94.4
383,2,260,81.1
384,2,247,74.5
385,2,281,75.7
386,2,305,79.4
387,2,268,76.8
388,2,263,75.6
389,2,284,77.9
390,2,284,84.8
391,2,276,99.5
392,2,232,119.7
393,2,261,113.7
394,2,258,91.3
395,2,108,81.5
396,2,223,79.2
397,2,230,82.5
398,2,243,85.8
399,2,221,94.2
400,2,218,120.3
401,2,224,152.1
402,2,221,165
403,2,313,154.3
404,2,275,151
405,2,295,164.3
406,2,101,184.1
407,2,348,198.3
408,2,205,207.2
409,2,572,214
410,2,248,210.1
411,2,486,211.6
412,2,315,206.7
413,2,551,212.2
414,2,307,214.1
415,2,651,219.3
416,2,790,216.1
417,2,697,213.2
418,2,764,220.4
419,2,1150,218.5
420,2,1206,213.8
421,2,1133,211.7
422,2,1172,202.6
423,2,1011,185
424,2,801,158.5
425,2,733,147.2
426,2,719,144.9
427,2,697,145.2
428,2,338,142.1
429,2,329,137.7
430,2,397,141
431,2,364,141.6
432,2,316,144.8
433,2,357,152.1
434,2,544,165.6
435,2,966,172.5
436,2,951,169.2
437,2,1051,182.5
438,2,987,195.3
439,2,1052,200.8
440,2,1051,184
441,2,792,145.8
442,2,375,127.8
443,2,316,118.8
444,2,323,118.1
445,2,329,116
446,2,289,106.5
447,2,316,106.3
448,2,303,107.5
449,2,305,116.6
450,2,282,121.5
451,2,345,121.1
452,2,332,124.2
453,2,332,128.8
454,2,310,133
455,2,322,135.4
456,2,336,137
457,2,125,145.3
458,2,771,142
459,2,405,117.3
460,2,301,104.9
461,2,283,99.6
462,2,302,100.7
463,2,271,103.7
464,2,281,93.6
465,2,264,76.2
466,2,272,75
467,2,298,81.6
468,2,305,101.8
469,2,225,115.7
470,2,306,116.5
471,2,267,106.9
472,2,248,90.6
473,2,274,80.1
474,2,284,81.9
475,2,267,84.8
476,2,267,85.2
477,2,263,81.5
478,2,273,80.9
479,2,304,86.7
480,2,278,95.2
481,2,333,110.4
482,2,285,109.7
483,2,310,95.8
484,2,300,81
485,2,327,81.7
486,2,316,86.7
487,2,290,91.5
488,2,308,93.5
489,2,294,98.2
490,2,274,104.4
491,2,262,110.5
492,2,237,122.3
493,2,233,121.9
494,2,292,107.7
495,2,262,96.9
496,2,245,93.1
497,2,255,93.2
498,2,285,93.9
499,2,278,93.7
500,2,304,109
501,2,336,144.1
502,2,296,173
503,2,308,170.1
504,2,342,151.2
505,2,305,144.8
506,2,291,139.4
507,2,290,143.9
508,2,291,151.4
509,2,276,164.5
510,2,291,190.5
511,2,377,192.9
512,2,760,188.4
513,2,862,185.4
514,2,740,184.3
515,2,735,187.1
516,2,623,179.5
517,2,240,155.9
518,2,322,133.3
519,2,309,121.2
520,2,320,122.5
521,2,306,115.7
522,2,275,121.9
523,2,280,124.5
524,2,304,124.4
525,2,327,121
526,2,329,135.4
527,2,300,144.3
528,2,326,145.4
529,2,348,146.6
530,2,378,149.6
531,2,365,153.8
532,2,345,162.7
533,2,119,182.4
534,2,944,191.3
535,2,1008,199.5
536,2,909,199.9
537,2,831,191
538,2,705,168.4
539,2,335,143.1
540,2,290,126.2
541,2,330,114.7
542,2,341,115.3
543,2,314,118.9
544,2,252,113.9
545,2,317,113.6
546,2,328,120.2
547,2,313,123.7
548,2,266,113.1
549,2,295,106.7
550,2,312,102.8
551,2,328,100.6
552,2,323,101.4
553,2,334,112.5
554,2,313,119.7
555,2,327,122.5
556,2,308,114.9
557,2,280,97.5
558,2,317,89.4
559,2,314,84.6
560,2,339,87.9
561,2,317,89.8
562,2,323,94.3
563,2,325,98.9
564,2,326,108.1
565,2,328,119
566,2,296,118
567,2,305,103.2
568,2,293,89.7
569,2,307,86.7
570,2,320,93
571,2,333,94.8
572,2,291,91
573,2,280,88.6
574,2,305,93.2
575,2,295,97.9
576,2,269,106.8
577,2,272,116.2
578,2,280,113.2
579,2,286,100.2
580,2,307,95.1
581,2,294,91.5
582,2,305,89.3
583,2,276,88.6
584,2,244,91.6
585,2,245,93.5
586,2,272,98.1
587,2,261,109.6
588,2,296,115.7
589,2,272,107.5
590,2,260,93.6
591,2,268,87.2
592,2,276,85.5
593,2,266,84
594,2,257,82
595,2,251,85.8
596,2,253,117.2
597,2,282,147
598,2,249,157.8
599,2,291,145.4
600,2,345,129.4
601,2,278,108.7
602,2,366,93
603,2,269,94.4
604,2,298,98.3
605,2,289,120.5
606,2,247,148.4
607,2,290,171.4
608,2,224,169.9
609,2,286,164.2
610,2,353,156.5
611,2,264,154.3
612,2,271,151.1
613,2,284,156
614,2,278,162.8
615,2,327,168.4
616,2,300,173
617,2,314,175.3
618,2,96,173.3
619,2,779,176.8
620,2,756,182.3
621,2,828,185.5
622,2,865,187.5
623,2,807,178
624,2,664,153.5
625,2,360,132.3
626,2,313,123.9
627,2,352,121.6
628,2,334,120.9
629,2,277,117.8
630,2,330,116
631,2,378,120.4
632,2,309,123.1
633,2,320,129
634,2,358,143.7
635,2,373,146.6
636,2,349,152.5
637,2,393,153.9
638,2,382,164.6
639,2,365,176.2
640,2,89,190.1
641,2,1051,206.3
642,2,982,204.8
643,2,958,208.2
644,2,848,199.9
645,2,702,167.7
646,2,307,139.7
647,2,289,121.8
648,2,294,109.8
649,2,304,106.7
650,2,266,100
651,2,301,94.8
652,2,302,92.2
